City_ID,City,Country,Date,Lat,Lng,Max Temp,Humidity,Cloudiness,Wind Speed
0,Rikitea,PF,2022-08-06 17:17:46,-23.1203,-134.9692,69.01,63,84,18.48
1,Faanui,PF,2022-08-06 17:19:01,-16.4833,-151.75,77.9,76,71,24.7
2,Punta Arenas,CL,2022-08-06 17:14:28,-53.15,-70.9167,39.31,81,75,6.91
3,Vardo,NO,2022-08-06 17:19:02,70.3705,31.1107,51.78,93,100,10.36
4,Mandleshwar,IN,2022-08-06 17:19:03,22.1833,75.6667,82.35,81,99,4.76
5,Ushuaia,AR,2022-08-06 17:19:03,-54.8,-68.3,35.26,80,0,3.44
6,Hermanus,ZA,2022-08-06 17:19:04,-34.4187,19.2345,56.8,75,99,22.64
7,Kapaa,US,2022-08-06 17:19:04,22.0752,-159.319,73.72,94,75,4.61
8,Tangermunde,DE,2022-08-06 17:19:05,52.5446,11.9765,71.94,30,56,1.99
9,Butaritari,KI,2022-08-06 17:19:05,3.0707,172.7902,81.84,77,83,15.12
10,Pevek,RU,2022-08-06 17:16:01,69.7008,170.3133,35.4,99,100,3.53
11,Cape Town,ZA,2022-08-06 17:17:25,-33.9258,18.4232,59.92,74,0,12.66
12,Hobart,AU,2022-08-06 17:19:06,-42.8794,147.3294,42.66,89,100,9.22
13,Ewa Beach,US,2022-08-06 17:19:07,21.3156,-158.0072,79.59,80,0,4.61
14,Kaeo,NZ,2022-08-06 17:19:07,-35.1,173.7833,59.32,95,100,10.83
15,Bluff,NZ,2022-08-06 17:19:08,-46.6,168.3333,40.53,96,86,19.46
16,Bukavu,CD,2022-08-06 17:19:08,-2.5083,28.8608,65.59,70,72,0.94
17,Vaini,TO,2022-08-06 17:19:09,-21.2,-175.2,71.76,94,20,10.36
18,Dikson,RU,2022-08-06 17:19:09,73.5069,80.5464,42.17,97,98,10.4
19,Qaanaaq,GL,2022-08-06 17:19:10,77.484,-69.3632,42.71,56,100,2.39
20,Khatanga,RU,2022-08-06 17:19:11,71.9667,102.5,53.82,82,17,1.28
21,Southbridge,US,2022-08-06 17:19:11,42.0751,-72.0334,94.12,65,50,3.0
22,Anadyr,RU,2022-08-06 17:19:12,64.75,177.4833,54.1,76,75,4.47
23,Veraval,IN,2022-08-06 17:19:12,20.9,70.3667,81.68,86,57,9.8
24,Aklavik,CA,2022-08-06 17:19:13,68.2191,-135.0107,57.2,94,100,4.61
25,Torbay,CA,2022-08-06 17:15:26,47.6666,-52.7314,80.89,72,75,10.36
26,Takoradi,GH,2022-08-06 17:19:14,4.8845,-1.7554,76.06,73,4,9.71
27,Atuona,PF,2022-08-06 17:19:14,-9.8,-139.0333,76.89,77,65,18.39
28,Pontivy,FR,2022-08-06 17:19:15,48.0,-3.0,77.58,31,0,20.04
29,Castro,BR,2022-08-06 17:19:15,-24.7911,-50.0119,66.83,63,99,7.83
30,Naryan-Mar,RU,2022-08-06 17:19:16,67.6713,53.087,73.83,65,57,7.45
31,Avarua,CK,2022-08-06 17:19:17,-21.2078,-159.775,73.45,68,75,13.8
32,Mundo Nuevo,MX,2022-08-06 17:19:17,18.7,-95.5,84.49,64,32,5.93
33,Neiafu,TO,2022-08-06 17:19:18,-18.65,-173.9833,75.88,88,75,5.75
34,Tuktoyaktuk,CA,2022-08-06 17:19:18,69.4541,-133.0374,57.2,94,100,14.97
35,Saint-Augustin,CA,2022-08-06 17:19:19,51.226,-58.6502,77.22,31,72,12.24
36,Bemidji,US,2022-08-06 17:19:19,47.4736,-94.8803,69.91,64,40,8.05
37,Laela,TZ,2022-08-06 17:19:20,-8.5667,32.05,65.14,38,73,1.88
38,Bambanglipuro,ID,2022-08-06 17:19:20,-7.95,110.2833,75.69,87,100,9.35
39,Mashivka,UA,2022-08-06 17:19:21,49.4431,34.8669,76.15,52,14,6.24
40,Komsomolskiy,UZ,2022-08-06 17:19:21,40.4272,71.7189,82.67,24,2,7.16
41,Mbandaka,CD,2022-08-06 17:19:22,0.0487,18.2603,77.7,70,97,1.68
42,Pisco,PE,2022-08-06 17:19:22,-13.7,-76.2167,65.01,82,75,9.22
43,Havoysund,NO,2022-08-06 17:19:23,70.9963,24.6622,61.03,68,91,13.09
44,Nikolskoye,RU,2022-08-06 17:19:23,59.7035,30.7861,63.79,97,100,10.76
45,Bredasdorp,ZA,2022-08-06 17:19:24,-34.5322,20.0403,55.58,75,100,17.9
46,Thompson,CA,2022-08-06 17:15:26,55.7435,-97.8558,62.76,55,40,5.75
47,Ayan,RU,2022-08-06 17:20:25,56.45,138.1667,54.63,94,100,19.66
48,Port Elizabeth,ZA,2022-08-06 17:20:25,-33.918,25.5701,58.1,96,75,8.05
49,Mahebourg,MU,2022-08-06 17:18:20,-20.4081,57.7,70.09,83,40,11.5
50,Chlorakas,CY,2022-08-06 17:20:26,34.8042,32.4083,81.48,69,40,11.5
51,Cayenne,GF,2022-08-06 17:16:25,4.9333,-52.3333,91.44,28,40,8.05
52,Prabumulih,ID,2022-08-06 17:20:27,-3.45,104.25,73.09,97,32,2.8
53,Niquelandia,BR,2022-08-06 17:16:39,-14.4739,-48.4597,96.71,15,58,3.31
54,Yellowknife,CA,2022-08-06 17:15:35,62.456,-114.3525,64.92,63,75,15.01
55,Talnakh,RU,2022-08-06 17:15:50,69.4865,88.3972,56.21,95,94,3.76
56,Puerto Ayora,EC,2022-08-06 17:20:29,-0.7393,-90.3518,76.96,91,92,11.99
57,Atambua,ID,2022-08-06 17:20:29,-9.1061,124.8925,71.1,90,96,4.09
58,Mataura,NZ,2022-08-06 17:20:30,-46.1927,168.8643,40.73,97,92,6.98
59,Tilichiki,RU,2022-08-06 17:20:30,60.4667,166.1,51.24,94,96,4.45
60,Cockburn Town,TC,2022-08-06 17:20:31,21.4612,-71.1419,82.2,77,11,18.39
61,Moerai,PF,2022-08-06 17:20:31,-22.4333,-151.3333,70.3,68,94,24.05
62,Ternate,ID,2022-08-06 17:20:32,0.8,127.4,79.23,83,99,2.66
63,Upernavik,GL,2022-08-06 17:18:09,72.7868,-56.1549,39.65,94,80,11.88
64,Ribeira Grande,PT,2022-08-06 17:20:33,38.5167,-28.7,77.4,78,20,8.05
65,Mount Gambier,AU,2022-08-06 17:20:33,-37.8333,140.7667,46.83,91,94,4.59
66,Katsuura,JP,2022-08-06 17:20:34,35.1333,140.3,75.51,85,71,5.46
67,Rudbar,AF,2022-08-06 17:20:34,30.15,62.6,95.14,11,0,15.32
68,Ballina,AU,2022-08-06 17:20:35,-28.8667,153.5667,51.84,68,0,8.61
69,Hilo,US,2022-08-06 17:17:38,19.7297,-155.09,77.29,93,75,4.61
70,Capao Da Canoa,BR,2022-08-06 17:20:35,-29.7456,-50.0097,56.64,68,69,7.78
71,Tasiilaq,GL,2022-08-06 17:20:36,65.6145,-37.6368,44.76,80,100,14.09
72,Busselton,AU,2022-08-06 17:20:36,-33.65,115.3333,52.83,92,57,11.48
73,Chokurdakh,RU,2022-08-06 17:20:37,70.6333,147.9167,35.76,94,100,7.99
74,Saint-Philippe,RE,2022-08-06 17:20:38,-21.3585,55.7679,67.59,72,58,5.7
75,Mabaruma,GY,2022-08-06 17:20:38,8.2,-59.7833,90.7,49,54,5.41
76,Inhambane,MZ,2022-08-06 17:20:39,-23.865,35.3833,71.58,88,20,6.91
77,Norman Wells,CA,2022-08-06 17:20:40,65.282,-126.8329,57.24,94,100,19.57
78,Lorengau,PG,2022-08-06 17:16:01,-2.0226,147.2712,80.2,78,100,3.62
79,Albany,US,2022-08-06 17:20:40,42.6001,-73.9662,93.16,55,36,3.0
80,Hithadhoo,MV,2022-08-06 17:20:41,-0.6,73.0833,82.78,72,47,10.45
81,Ahipara,NZ,2022-08-06 17:20:41,-35.1667,173.1667,60.39,92,100,9.64
82,New Norfolk,AU,2022-08-06 17:20:42,-42.7826,147.0587,42.3,74,100,1.66
83,Havre-Saint-Pierre,CA,2022-08-06 17:20:42,50.2334,-63.5986,70.16,56,0,10.36
84,Clyde River,CA,2022-08-06 17:15:59,70.4692,-68.5914,43.03,75,100,18.41
85,Kenai,US,2022-08-06 17:20:43,60.5544,-151.2583,58.03,76,75,14.97
86,Narsaq,GL,2022-08-06 17:20:44,60.9167,-46.05,50.22,95,99,8.77
87,Lebu,CL,2022-08-06 17:20:44,-37.6167,-73.65,50.02,95,100,5.39
88,Bethel,US,2022-08-06 17:20:46,41.3712,-73.414,92.35,58,20,11.5
89,Sayyan,YE,2022-08-06 17:20:46,15.1718,44.3244,61.34,75,87,5.66
90,Port Alfred,ZA,2022-08-06 17:20:47,-33.5906,26.891,58.17,94,36,1.01
91,Longyearbyen,SJ,2022-08-06 17:21:48,78.2186,15.6401,51.64,76,75,3.44
92,Ratnagiri,IN,2022-08-06 17:21:49,16.9833,73.3,78.87,90,100,12.46
93,Provideniya,RU,2022-08-06 17:18:10,64.3833,-173.3,48.25,84,59,4.65
94,Gorom-Gorom,BF,2022-08-06 17:21:50,14.4439,-0.2361,94.53,38,100,5.61
95,Cherskiy,RU,2022-08-06 17:21:50,68.75,161.3,47.98,69,61,6.69
96,Lakes Entrance,AU,2022-08-06 17:21:51,-37.8811,147.981,49.15,84,99,6.38
97,Fortuna,US,2022-08-06 17:21:51,40.5982,-124.1573,64.92,84,100,5.75
98,Kavieng,PG,2022-08-06 17:21:52,-2.5744,150.7967,80.2,78,36,5.93
99,Chakia,IN,2022-08-06 17:21:52,26.4167,85.05,87.51,68,72,12.1
100,Khairpur Nathan Shah,PK,2022-08-06 17:21:53,27.0936,67.7337,89.47,58,89,3.0
101,Zamboanguita,PH,2022-08-06 17:21:54,9.1025,123.1996,79.54,79,100,5.17
102,Langarud,IR,2022-08-06 17:21:55,37.197,50.1535,80.65,70,19,6.4
103,Buala,SB,2022-08-06 17:21:56,-8.145,159.5921,78.89,84,92,4.07
104,Mega,ET,2022-08-06 17:21:57,4.05,38.3,62.85,54,24,11.79
105,Pierre,US,2022-08-06 17:18:15,44.3683,-100.351,75.27,53,0,14.97
106,Mazeikiai,LT,2022-08-06 17:21:57,56.3167,22.3333,63.68,51,72,10.92
107,Stornoway,GB,2022-08-06 17:21:58,58.2093,-6.3865,57.16,94,100,16.11
108,Zhigansk,RU,2022-08-06 17:16:00,66.7697,123.3711,50.32,99,100,4.88
109,Blind River,CA,2022-08-06 17:21:59,46.1834,-82.9582,77.11,71,85,8.88
110,Carnarvon,AU,2022-08-06 17:22:00,-24.8667,113.6333,63.86,58,0,14.38
111,Ulaangom,MN,2022-08-06 17:22:00,49.9811,92.0667,58.89,44,1,1.03
112,Jamestown,US,2022-08-06 17:18:38,42.097,-79.2353,82.02,55,100,5.99
113,Kaitangata,NZ,2022-08-06 17:22:01,-46.2817,169.8464,45.43,89,92,10.76
114,Broome,US,2022-08-06 17:22:02,42.2506,-75.833,89.69,61,20,10.36
115,Alice Springs,AU,2022-08-06 17:21:28,-23.7,133.8833,38.75,56,0,4.61
116,Preobrazheniye,RU,2022-08-06 17:22:02,42.9019,133.9064,70.39,95,10,3.65
117,College,US,2022-08-06 17:22:03,64.8569,-147.8028,51.75,92,100,9.22
118,Nouadhibou,MR,2022-08-06 17:22:04,20.931,-17.0347,80.58,74,5,13.8
119,Lata,PT,2022-08-06 17:22:04,40.1629,-8.3327,83.48,50,0,9.4
120,Mar Del Plata,AR,2022-08-06 17:18:11,-38.0023,-57.5575,54.09,76,0,9.22
121,Talavera,PH,2022-08-06 17:22:05,15.6167,120.9333,75.36,91,100,3.74
122,Calvinia,ZA,2022-08-06 17:22:06,-31.4707,19.776,59.99,33,16,2.51
123,Cidreira,BR,2022-08-06 17:18:21,-30.1811,-50.2056,58.05,64,56,8.57
124,Altay,CN,2022-08-06 17:22:06,47.8667,88.1167,65.91,38,66,5.55
125,Deputatskiy,RU,2022-08-06 17:22:07,69.3,139.9,44.35,98,100,4.18
126,Codrington,AU,2022-08-06 17:22:08,-38.2667,141.9667,47.59,77,95,7.67
127,Georgetown,MY,2022-08-06 17:18:46,5.4112,100.3354,80.89,82,20,0.0
128,Vila Velha,BR,2022-08-06 17:22:09,-20.3297,-40.2925,80.55,66,20,18.41
129,Buchanan,LR,2022-08-06 17:22:09,5.8808,-10.0467,78.13,75,80,11.97
130,Kilindoni,TZ,2022-08-06 17:22:10,-7.9139,39.6668,75.24,72,41,13.0
131,Srednekolymsk,RU,2022-08-06 17:15:36,67.45,153.6833,52.54,92,100,4.27
132,Kirovskiy,RU,2022-08-06 17:22:10,45.0917,133.5136,68.29,89,8,3.91
133,Lavrentiya,RU,2022-08-06 17:22:11,65.5833,-171.0,43.2,86,94,4.76
134,Hasaki,JP,2022-08-06 17:22:12,35.7333,140.8333,73.8,82,80,5.97
135,Tiksi,RU,2022-08-06 17:22:12,71.6872,128.8694,38.53,91,100,16.28
136,Burnie,AU,2022-08-06 17:22:13,-41.0667,145.9167,43.95,84,60,8.7
137,Balkhash,KZ,2022-08-06 17:22:13,46.844,74.9804,77.25,32,4,18.59
138,Oranjestad,AW,2022-08-06 17:22:14,12.524,-70.027,87.75,70,20,24.16
139,Atasu,KZ,2022-08-06 17:23:14,48.6814,71.6433,67.84,48,44,9.1
140,Barrow,US,2022-08-06 17:23:15,71.2906,-156.7887,35.71,86,100,14.85
141,Ngaoundere,CM,2022-08-06 17:23:15,7.3167,13.5833,69.42,93,74,3.76
142,Beringovskiy,RU,2022-08-06 17:23:16,63.05,179.3167,50.43,91,100,8.39
143,Ancud,CL,2022-08-06 17:23:16,-41.8697,-73.8203,48.22,63,100,9.57
144,Chernyshevskiy,RU,2022-08-06 17:23:17,63.0128,112.4714,46.89,98,100,6.42
145,Nantucket,US,2022-08-06 17:23:17,41.2835,-70.0995,87.91,90,100,10.36
146,Lucea,JM,2022-08-06 17:23:18,18.451,-78.1736,85.86,73,99,13.71
147,Zhaotong,CN,2022-08-06 17:23:18,27.3167,103.7167,63.82,91,82,1.79
148,Jumla,NP,2022-08-06 17:23:19,29.2747,82.1838,62.69,96,100,2.42
149,Saint-Joseph,RE,2022-08-06 17:23:20,-21.3667,55.6167,66.58,72,56,4.54
150,Chikwawa,MW,2022-08-06 17:23:20,-16.0335,34.8009,73.62,34,0,5.77
151,Iqaluit,CA,2022-08-06 17:23:22,63.7506,-68.5145,58.73,51,75,18.41
152,Ribeira Brava,PT,2022-08-06 17:15:57,32.65,-17.0667,75.83,66,0,4.54
153,Bathsheba,BB,2022-08-06 17:23:23,13.2167,-59.5167,88.41,83,40,16.11
154,Sitka,US,2022-08-06 17:22:30,57.0531,-135.33,57.09,94,100,9.22
155,San Juan De Uraba,CO,2022-08-06 17:23:24,8.7592,-76.5297,84.45,69,97,7.63
156,Tual,ID,2022-08-06 17:15:42,-5.6667,132.75,79.41,84,94,7.81
157,Martapura,ID,2022-08-06 17:23:24,-3.4167,114.85,71.69,100,91,1.14
158,Arraial Do Cabo,BR,2022-08-06 17:23:25,-22.9661,-42.0278,73.36,68,75,8.05
159,Vestmannaeyjar,IS,2022-08-06 17:23:25,63.4427,-20.2734,52.79,100,100,12.66
160,Camacari,BR,2022-08-06 17:23:26,-12.6975,-38.3242,76.77,76,68,8.43
161,Lompoc,US,2022-08-06 17:23:27,34.6391,-120.4579,63.01,88,100,5.75
162,Malinovoye Ozero,RU,2022-08-06 17:23:27,51.6753,79.7825,66.29,41,0,6.69
163,Lagoa,PT,2022-08-06 17:23:28,39.05,-27.9833,75.63,80,29,12.1
164,Hay River,CA,2022-08-06 17:20:57,60.8156,-115.7999,62.58,67,100,8.05
165,Port Lincoln,AU,2022-08-06 17:23:29,-34.7333,135.8667,52.32,73,14,9.51
166,Cobija,BO,2022-08-06 17:23:29,-11.0267,-68.7692,82.58,78,75,0.0
167,Alenquer,BR,2022-08-06 17:23:31,-1.9417,-54.7383,95.07,37,92,6.67
168,Goure,NE,2022-08-06 17:23:31,13.9835,10.2704,92.01,29,33,8.12
169,Kavaratti,IN,2022-08-06 17:23:32,10.5669,72.642,80.62,85,61,21.23
170,Bundaberg,AU,2022-08-06 17:23:33,-24.85,152.35,59.22,95,85,7.99
171,San Patricio,US,2022-08-06 17:23:34,28.017,-97.5169,93.16,40,84,8.55
172,Maniitsoq,GL,2022-08-06 17:23:34,65.4167,-52.9,41.83,88,61,18.25
173,Riberalta,BO,2022-08-06 17:23:35,-10.9833,-66.1,75.4,83,100,6.91
174,Blagoyevo,RU,2022-08-06 17:23:36,63.3667,47.9167,71.58,64,3,5.14
175,Victoria,HK,2022-08-06 17:19:03,22.2855,114.1577,83.32,90,60,4.0
176,Kieta,PG,2022-08-06 17:23:37,-6.2167,155.6333,78.1,81,92,5.19
177,Lucapa,AO,2022-08-06 17:18:14,-8.4192,20.7447,78.48,22,79,2.3
178,Nome,US,2022-08-06 17:23:38,64.5011,-165.4064,42.87,75,0,6.91
179,Flin Flon,CA,2022-08-06 17:18:16,54.7682,-101.865,66.04,45,20,8.05
180,Bonthe,SL,2022-08-06 17:23:40,7.5264,-12.505,79.56,77,99,11.48
181,Tautira,PF,2022-08-06 17:23:41,-17.7333,-149.15,75.81,78,99,25.17
182,Aksarka,RU,2022-08-06 17:23:41,66.5606,67.7975,57.74,77,75,5.12
183,Yabrud,SY,2022-08-06 17:24:42,33.9674,36.6574,81.25,38,0,0.76
184,Qaqortoq,GL,2022-08-06 17:24:43,60.7167,-46.0333,45.21,93,97,10.89
185,Rio Gallegos,AR,2022-08-06 17:24:44,-51.6226,-69.2181,37.45,100,100,3.44
186,Qui Nhon,VN,2022-08-06 17:24:45,13.7667,109.2333,78.33,85,100,8.08
187,Galle,LK,2022-08-06 17:24:46,6.0367,80.217,77.92,88,100,10.0
188,Slave Lake,CA,2022-08-06 17:20:02,55.2834,-114.769,67.98,52,75,6.91
189,Banda Aceh,ID,2022-08-06 17:24:46,5.5577,95.3222,80.08,77,92,7.94
190,Dinant,BE,2022-08-06 17:24:47,50.2584,4.9106,72.55,39,3,11.5
191,Kalispell,US,2022-08-06 17:20:50,48.1958,-114.3129,72.5,36,0,5.01
192,Huntington,US,2022-08-06 17:24:48,38.4193,-82.4452,83.53,85,100,8.05
193,Kloulklubed,PW,2022-08-06 17:24:13,7.0419,134.2556,79.16,88,100,14.05
194,San Felipe,VE,2022-08-06 17:24:49,10.3399,-68.7425,83.08,75,54,1.07
195,Bengkulu,ID,2022-08-06 17:24:49,-3.8004,102.2655,74.97,86,0,4.32
196,Artyom,AZ,2022-08-06 17:24:49,40.4723,50.333,78.94,71,30,16.69
197,Sisimiut,GL,2022-08-06 17:24:50,66.9395,-53.6735,39.69,91,100,3.49
198,Hofn,IS,2022-08-06 17:24:51,64.2539,-15.2082,53.96,89,100,4.99
199,Camopi,GF,2022-08-06 17:24:51,3.1655,-52.3158,91.35,38,95,4.61
200,Nishihara,JP,2022-08-06 17:24:52,26.1842,127.7558,82.45,86,20,5.75
201,Moron,AR,2022-08-06 17:24:52,-34.6534,-58.6198,63.01,46,92,6.78
202,Manta,EC,2022-08-06 17:20:06,-0.95,-80.7333,76.78,78,99,11.5
203,Kushiro,JP,2022-08-06 17:24:53,42.975,144.3747,63.64,94,100,5.82
204,Evensk,RU,2022-08-06 17:24:54,61.95,159.2333,50.99,98,100,8.12
205,Katherine,AU,2022-08-06 17:24:54,-14.4667,132.2667,82.72,51,40,5.75
206,Saint George,US,2022-08-06 17:20:44,37.1041,-113.5841,90.43,40,0,5.75
207,Bolkhov,RU,2022-08-06 17:24:55,53.4433,36.0044,74.05,64,6,2.55
208,Samarai,PG,2022-08-06 17:24:55,-10.6167,150.6667,79.63,86,86,10.31
209,Ponta Do Sol,PT,2022-08-06 17:24:56,32.6667,-17.1,75.83,67,0,4.16
210,Panji,ID,2022-08-06 17:24:56,-7.7253,114.0995,74.5,79,50,6.2
211,Esperance,AU,2022-08-06 17:24:57,-33.8667,121.9,54.97,60,60,12.8
212,Cabo San Lucas,MX,2022-08-06 17:24:42,22.8909,-109.9124,90.7,55,75,4.61
213,Digboi,IN,2022-08-06 17:24:58,27.3833,95.6333,79.29,91,100,2.71
214,Kargasok,RU,2022-08-06 17:24:59,59.0556,80.8572,61.02,82,100,6.67
215,Borovskoy,KZ,2022-08-06 17:20:17,53.8,64.15,68.99,55,64,7.38
216,Rawson,AR,2022-08-06 17:24:59,-43.3002,-65.1023,46.24,70,99,11.45
217,Cap Malheureux,MU,2022-08-06 17:25:00,-19.9842,57.6142,68.47,85,13,3.0
218,San Carlos De Bariloche,AR,2022-08-06 17:20:29,-41.1456,-71.3082,33.55,93,100,10.36
219,Benton,US,2022-08-06 17:24:34,36.3334,-94.3335,91.51,63,0,11.5
220,Manokwari,ID,2022-08-06 17:25:01,-0.8667,134.0833,77.59,73,100,4.36
221,Nanortalik,GL,2022-08-06 17:25:02,60.1432,-45.2371,45.01,95,100,7.31
222,Asfi,MA,2022-08-06 17:25:02,32.2994,-9.2372,76.41,67,1,20.83
223,Male,MV,2022-08-06 17:25:03,4.1748,73.5089,82.35,89,75,12.66
224,Manggar,ID,2022-08-06 17:25:04,-2.8833,108.2667,79.21,80,90,6.62
225,Airai,TL,2022-08-06 17:25:05,-8.9266,125.4092,58.1,95,93,2.62
226,Chapais,CA,2022-08-06 17:25:06,49.7834,-74.8492,74.98,32,92,16.84
227,Rhyl,GB,2022-08-06 17:25:07,53.3196,-3.4886,68.92,46,67,1.99
228,Saint-Louis,SN,2022-08-06 17:25:07,16.3333,-15.0,85.64,39,98,4.68
229,Warangal,IN,2022-08-06 17:25:08,18.0,79.5833,76.01,91,100,5.12
230,Tuatapere,NZ,2022-08-06 17:26:08,-46.1333,167.6833,41.05,98,80,11.18
231,Anantapur,IN,2022-08-06 17:26:09,14.6833,77.6,76.53,80,100,19.66
232,Kruisfontein,ZA,2022-08-06 17:26:10,-34.0033,24.7314,55.89,83,86,10.51
233,Touros,BR,2022-08-06 17:23:59,-5.1989,-35.4608,82.63,65,79,17.0
234,Hambantota,LK,2022-08-06 17:26:10,6.1241,81.1185,78.24,83,100,16.46
235,East London,ZA,2022-08-06 17:26:11,-33.0153,27.9116,59.94,88,0,9.22
236,Port Blair,IN,2022-08-06 17:26:12,11.6667,92.75,82.44,83,100,11.5
237,Toila,EE,2022-08-06 17:26:13,59.4236,27.5025,64.15,71,100,13.04
238,Sao Joao Da Barra,BR,2022-08-06 17:26:13,-21.6403,-41.0511,77.09,64,99,11.5
239,Miri,MY,2022-08-06 17:26:14,4.4148,114.0089,78.94,83,20,4.61
240,Zhangjiakou,CN,2022-08-06 17:26:14,40.81,114.8794,72.52,94,100,4.34
241,Carlos Chagas,BR,2022-08-06 17:26:15,-17.7031,-40.7664,88.16,34,0,11.25
242,Uyskoye,RU,2022-08-06 17:26:15,54.3775,60.0047,66.87,62,64,4.61
243,Kodiak,US,2022-08-06 17:26:16,57.79,-152.4072,54.91,71,100,0.0
244,Baley,RU,2022-08-06 17:26:16,51.6,116.6333,50.83,66,92,4.99
245,Severo-Kurilsk,RU,2022-08-06 17:26:17,50.6789,156.125,52.9,91,100,9.75
246,Acapulco,MX,2022-08-06 17:22:37,16.8634,-99.8901,87.62,58,75,3.44
247,Kibre Mengist,ET,2022-08-06 17:26:18,5.8833,38.9833,64.49,68,91,2.17
248,Coquimbo,CL,2022-08-06 17:26:18,-29.9533,-71.3436,56.93,88,100,9.22
249,Florianopolis,BR,2022-08-06 17:22:31,-27.6146,-48.5012,63.63,59,75,6.91
250,Zhigalovo,RU,2022-08-06 17:26:19,54.8097,105.1578,49.44,96,100,4.72
251,Bairiki,KI,2022-08-06 17:26:19,1.3292,172.9752,77.0,94,40,4.61
252,Teya,RU,2022-08-06 17:26:20,60.3778,92.6267,52.81,89,100,2.59
253,Cururupu,BR,2022-08-06 17:18:27,-1.8283,-44.8683,86.36,59,59,7.94
254,Manzhouli,CN,2022-08-06 17:26:21,49.6,117.4333,59.4,56,94,8.23
255,Geraldton,AU,2022-08-06 17:26:21,-28.7667,114.6,50.41,87,75,9.22
256,Yar-Sale,RU,2022-08-06 17:26:22,66.8333,70.8333,55.67,82,93,6.2
257,Yantai,CN,2022-08-06 17:26:22,37.5333,121.4,80.17,89,55,8.01
258,El Tocuyo,VE,2022-08-06 17:26:23,9.7873,-69.7937,83.16,56,67,7.94
259,Hearst,CA,2022-08-06 17:26:24,49.6835,-83.6665,75.45,84,100,12.06
260,Constitucion,CL,2022-08-06 17:26:24,-35.3333,-72.4167,53.26,96,100,13.78
261,Tabou,CI,2022-08-06 17:26:25,4.423,-7.3528,77.59,64,33,7.76
262,Penticton,CA,2022-08-06 17:26:22,49.4806,-119.5858,73.58,47,0,9.22
263,Los Llanos De Aridane,ES,2022-08-06 17:26:25,28.6585,-17.9182,73.15,69,40,14.97
264,Henties Bay,NA,2022-08-06 17:26:26,-22.116,14.2845,58.28,84,78,4.81
265,Zaysan,KZ,2022-08-06 17:26:26,47.4667,84.8667,70.95,37,86,7.99
266,Pangnirtung,CA,2022-08-06 17:26:27,66.1451,-65.7125,41.0,93,100,5.75
267,Dano,BF,2022-08-06 17:26:28,11.15,-3.0667,83.86,65,74,6.15
268,Samagaltay,RU,2022-08-06 17:26:28,50.6022,95.0047,49.19,50,0,6.49
269,Bambous Virieux,MU,2022-08-06 17:26:29,-20.3428,57.7575,70.05,83,40,11.5
270,Dingle,PH,2022-08-06 17:26:30,10.9995,122.6711,75.24,92,100,3.27
271,Conde,BR,2022-08-06 17:26:30,-7.2597,-34.9075,81.86,69,75,17.27
272,Sola,VU,2022-08-06 17:26:30,-13.8833,167.55,80.44,76,70,15.66
273,Stephenville,US,2022-08-06 17:26:31,32.2207,-98.2023,96.17,30,0,6.91
274,Mtambile,TZ,2022-08-06 17:27:32,-5.3833,39.7,73.56,74,66,13.6
275,Gurun,MY,2022-08-06 17:27:32,5.8172,100.4738,80.73,86,100,0.87
276,Souillac,MU,2022-08-06 17:27:33,-20.5167,57.5167,70.18,83,40,11.5
277,Namibe,AO,2022-08-06 17:27:33,-15.1961,12.1522,63.91,82,53,8.32
278,Bairnsdale,AU,2022-08-06 17:27:34,-37.8333,147.6167,49.05,94,99,3.91
279,Mosetse,BW,2022-08-06 17:27:34,-20.75,26.65,72.93,25,0,0.29
280,San Cristobal,VE,2022-08-06 17:27:35,7.7669,-72.225,73.58,61,98,7.29
281,Balkanabat,TM,2022-08-06 17:27:35,39.5108,54.3671,92.08,23,4,11.21
282,Ilulissat,GL,2022-08-06 17:27:36,69.2167,-51.1,46.42,87,75,5.75
283,Itoman,JP,2022-08-06 17:27:36,26.1247,127.6694,83.17,85,20,5.75
284,Mutoko,ZW,2022-08-06 17:27:37,-17.397,32.2268,62.4,29,0,6.29
285,Tanout,NE,2022-08-06 17:27:38,14.9709,8.8879,96.49,28,61,6.93
286,Oranjemund,NA,2022-08-06 17:27:38,-28.55,16.4333,58.51,70,74,5.06
287,Maryborough,AU,2022-08-06 17:27:39,-25.5333,152.7,56.17,79,88,5.48
288,Shahr-E Babak,IR,2022-08-06 17:27:39,30.1165,55.1186,80.29,18,0,11.9
289,Minden,DE,2022-08-06 17:23:14,52.2833,8.9167,72.68,50,41,12.35
290,Erzin,TR,2022-08-06 17:27:40,36.9559,36.2,76.64,85,0,6.04
291,Puerto Madryn,AR,2022-08-06 17:27:40,-42.7692,-65.0385,46.72,70,100,10.83
292,Northam,GB,2022-08-06 17:27:41,51.0333,-4.2167,67.24,56,10,12.73
293,Riyadh,SA,2022-08-06 17:16:46,24.6877,46.7219,107.74,11,66,4.25
294,Mahanoro,MG,2022-08-06 17:27:42,-19.9,48.8,66.99,89,0,5.64
295,Tessalit,ML,2022-08-06 17:27:42,20.1986,1.0114,103.66,17,75,8.28
296,Garowe,SO,2022-08-06 17:27:43,8.4054,48.4845,85.98,33,100,14.38
297,Alofi,NU,2022-08-06 17:27:43,-19.0595,-169.9187,71.49,94,100,10.36
298,Izyum,UA,2022-08-06 17:27:44,49.2088,37.2485,80.55,31,13,8.72
299,Alvdal,NO,2022-08-06 17:27:44,62.1077,10.6307,55.06,52,93,8.68
300,Sai Buri,TH,2022-08-06 17:26:12,6.7013,101.6168,81.97,81,100,5.14
301,Konosha,RU,2022-08-06 17:27:45,60.9736,40.257,70.11,70,49,5.73
302,Staryy Nadym,RU,2022-08-06 17:27:46,65.6118,72.6842,59.02,79,85,9.4
303,Yoichi,JP,2022-08-06 17:27:46,43.2039,140.7703,67.55,77,99,7.09
304,Bandarbeyla,SO,2022-08-06 17:27:46,9.4942,50.8122,77.02,82,97,30.89
305,Palana,RU,2022-08-06 17:27:47,59.1167,159.9667,47.05,91,11,9.01
306,Mogadishu,SO,2022-08-06 17:27:47,2.0371,45.3438,76.03,79,4,20.27
307,Yatou,CN,2022-08-06 17:27:48,37.15,122.3833,80.67,88,44,7.09
308,Drovyanaya,RU,2022-08-06 17:27:48,51.5833,113.0333,47.07,71,3,8.37
309,Auki,SB,2022-08-06 17:27:49,-8.7676,160.7034,76.12,88,84,4.61
310,Biak,ID,2022-08-06 17:27:49,-0.9131,122.8766,74.61,88,100,5.93
311,Puksoozero,RU,2022-08-06 17:27:50,62.5903,40.6066,73.76,59,12,8.43
312,Ordu,TR,2022-08-06 17:27:50,40.9086,37.6845,66.7,93,53,2.53
313,Saint Anthony,US,2022-08-06 17:27:51,45.0205,-93.218,75.24,94,100,8.05
314,Bua Yai,TH,2022-08-06 17:27:51,15.5855,102.4259,76.26,89,100,7.05
315,Mwanza,TZ,2022-08-06 17:27:52,-2.5167,32.9,77.81,42,81,3.2
316,Santiago,CL,2022-08-06 17:27:53,-33.4569,-70.6483,57.85,70,100,5.75
317,Sabha,LY,2022-08-06 17:27:53,27.0377,14.4283,102.25,8,0,8.32
318,Novoagansk,RU,2022-08-06 17:27:54,61.9449,76.6625,60.03,91,100,5.01
319,Kibaya,TZ,2022-08-06 17:27:55,-5.3,36.5667,62.19,53,27,10.78
320,Diamantino,BR,2022-08-06 17:27:55,-14.4086,-56.4461,97.48,16,99,7.72
321,Napasar,IN,2022-08-06 17:27:56,27.9667,73.55,93.22,51,92,4.21
322,Morant Bay,JM,2022-08-06 17:28:57,17.8815,-76.4093,87.71,69,100,12.82
323,Tiznit,MA,2022-08-06 17:28:58,29.5833,-9.5,94.8,17,44,8.93
324,Port Macquarie,AU,2022-08-06 17:24:12,-31.4333,152.9167,43.9,72,2,7.34
325,Saint-Pierre,RE,2022-08-06 17:28:59,-21.3393,55.4781,69.91,72,20,3.44
326,Takhtamygda,RU,2022-08-06 17:29:00,54.1,123.5667,48.11,92,10,2.73
327,Nador,MA,2022-08-06 17:29:01,35.174,-2.9287,86.07,74,20,9.22
328,Albert,FR,2022-08-06 17:29:01,50.0009,2.651,72.79,40,0,14.97
329,Gorodovikovsk,RU,2022-08-06 17:29:02,46.0878,41.9335,80.58,36,57,10.33
330,Haines Junction,CA,2022-08-06 17:29:02,60.7522,-137.5108,60.75,55,97,1.14
331,Fort Nelson,CA,2022-08-06 17:29:03,58.8053,-122.7002,72.99,43,20,16.11
332,Yumen,CN,2022-08-06 17:29:03,40.2833,97.2,78.75,20,97,8.19
333,Navotas,PH,2022-08-06 17:29:04,14.4167,121.2268,78.06,93,100,4.34
334,Borovsk,RU,2022-08-06 17:29:05,55.2064,36.4861,74.21,70,54,3.62
335,Gorontalo,ID,2022-08-06 17:29:06,0.5412,123.0595,74.46,92,100,1.5
336,Grindavik,IS,2022-08-06 17:29:06,63.8424,-22.4338,53.55,100,100,16.11
337,Padang,ID,2022-08-06 17:29:07,-0.9492,100.3543,77.81,86,94,3.58
338,Naze,JP,2022-08-06 17:29:08,28.3667,129.4833,77.92,83,0,4.94
339,Palmerston,AU,2022-08-06 17:29:09,-12.486,130.9833,75.18,91,3,0.0
340,Vanimo,PG,2022-08-06 17:29:09,-2.6741,141.3028,76.37,87,79,3.11
341,Bjornevatn,NO,2022-08-06 17:29:10,69.6672,29.9847,50.34,93,100,11.5
342,Sydney Mines,CA,2022-08-06 17:29:11,46.2367,-60.2177,86.11,54,40,8.05
343,Sao Jose Da Coroa Grande,BR,2022-08-06 17:29:12,-8.8978,-35.1478,79.65,64,9,8.68
344,Nioro,GM,2022-08-06 17:29:12,13.35,-15.75,85.3,70,100,7.23
345,Kolondieba,ML,2022-08-06 17:29:13,11.0882,-6.8926,84.13,67,49,5.64
346,Caceres,ES,2022-08-06 17:29:13,39.522,-6.3748,98.53,11,0,9.26
347,Sinnamary,GF,2022-08-06 17:29:14,5.3833,-52.95,86.95,57,63,10.25
348,Kudahuvadhoo,MV,2022-08-06 17:29:15,2.6708,72.8944,82.47,77,91,13.18
349,Vega De Alatorre,MX,2022-08-06 17:29:15,20.0333,-96.6333,86.67,59,29,7.96
350,Marovoay,MG,2022-08-06 17:29:15,-16.1,46.6333,71.82,58,0,7.11
351,Pochutla,MX,2022-08-06 17:29:16,15.7432,-96.4661,90.82,58,79,5.35
352,Talcahuano,CL,2022-08-06 17:27:00,-36.7167,-73.1167,51.48,100,100,2.3
353,Leningradskiy,RU,2022-08-06 17:29:17,69.3833,178.4167,37.08,91,99,1.07
354,Pajusti,EE,2022-08-06 17:29:17,59.2807,26.4119,63.09,59,100,9.64
355,Noumea,NC,2022-08-06 17:29:18,-22.2763,166.4572,75.99,99,56,4.16
356,Yangliuqing,CN,2022-08-06 17:29:19,39.1375,116.9997,80.55,90,95,5.41
357,Meulaboh,ID,2022-08-06 17:29:19,4.1363,96.1285,79.07,77,96,0.78
358,Nizwa,OM,2022-08-06 17:29:20,22.9333,57.5333,96.96,27,85,6.49
359,Ixtapa,MX,2022-08-06 17:29:21,20.7,-105.2,87.22,62,100,3.0
360,Dudinka,RU,2022-08-06 17:29:22,69.4058,86.1778,56.62,94,43,6.62
361,Natal,BR,2022-08-06 17:28:33,-5.795,-35.2094,86.22,62,75,20.71
362,Karratha,AU,2022-08-06 17:29:22,-20.7377,116.8463,64.83,51,0,9.57
363,Snyder,US,2022-08-06 17:29:23,32.7179,-100.9176,97.09,29,0,4.61
364,Novobirilyussy,RU,2022-08-06 17:29:23,56.9514,90.6661,59.04,70,76,4.88
365,Pathein,MM,2022-08-06 17:29:24,16.7833,94.7333,76.37,96,81,5.55
366,Portland,US,2022-08-06 17:27:00,45.5234,-122.6762,76.95,60,0,4.61
367,Sao Felix Do Xingu,BR,2022-08-06 17:29:25,-6.6447,-51.995,91.02,45,72,3.76
368,Howard Springs,AU,2022-08-06 17:30:25,-12.497,131.047,75.11,94,2,1.1
369,Mayo,US,2022-08-06 17:30:26,38.8876,-76.5119,89.24,77,75,11.5
370,North Bend,US,2022-08-06 17:26:01,43.4065,-124.2243,65.16,94,0,5.75
371,Lagoa Santa,BR,2022-08-06 17:30:27,-19.6272,-43.8897,88.02,36,20,5.75
372,Gardiner,US,2022-08-06 17:30:27,44.2301,-69.7753,90.88,70,40,6.91
373,Dharmadam,IN,2022-08-06 17:30:28,11.7833,75.4333,78.24,87,100,11.92
374,Baruun-Urt,MN,2022-08-06 17:30:29,46.6806,113.2792,56.82,82,97,16.22
375,Avera,US,2022-08-06 17:30:29,33.194,-82.5271,92.71,42,60,6.4
376,Ibra,OM,2022-08-06 17:30:30,22.6906,58.5334,89.47,47,60,9.69
377,Vazhiny,RU,2022-08-06 17:30:30,60.9644,34.0222,70.45,83,90,10.67
378,Lamar,US,2022-08-06 17:30:31,33.6668,-95.5836,97.99,55,75,12.66
379,Saskylakh,RU,2022-08-06 17:30:31,71.9167,114.0833,45.14,69,100,7.38
380,Poltavka,RU,2022-08-06 17:30:32,54.3663,71.7632,70.07,55,91,6.78
381,Okhotsk,RU,2022-08-06 17:30:33,59.3833,143.3,55.96,91,100,15.88
382,Gat,IL,2022-08-06 17:30:03,31.61,34.7642,83.8,100,0,8.43
383,Mana,GF,2022-08-06 17:30:35,5.6592,-53.7767,86.7,60,81,9.06
384,Monrovia,LR,2022-08-06 17:26:28,6.3005,-10.7969,78.01,75,77,11.74
385,Jega,NG,2022-08-06 17:30:36,12.2175,4.3792,85.53,62,93,8.48
386,Rockland,US,2022-08-06 17:30:09,41.1668,-74.0496,92.89,57,81,3.0
387,Thamaga,BW,2022-08-06 17:30:37,-24.6701,25.5397,67.23,20,99,4.07
388,Nicoya,CR,2022-08-06 17:30:37,10.1483,-85.452,84.24,72,31,5.19
389,Kampene,CD,2022-08-06 17:30:38,-3.6,26.6667,77.52,49,61,1.88
390,Basar,IN,2022-08-06 17:30:39,27.9833,94.6667,74.48,98,88,2.28
391,Bronnoysund,NO,2022-08-06 17:30:39,65.4625,12.1997,55.4,76,100,11.99
392,Kommunarka,RU,2022-08-06 17:30:40,55.5695,37.4893,80.74,48,0,8.95
393,Felanitx,ES,2022-08-06 17:30:40,39.4696,3.1483,92.44,60,0,7.43
394,Rabo De Peixe,PT,2022-08-06 17:30:41,37.8,-25.5833,72.91,88,75,9.22
395,Chuy,UY,2022-08-06 17:30:41,-33.6971,-53.4616,52.45,65,99,9.1
396,Zhuanghe,CN,2022-08-06 17:30:42,39.7008,122.9911,76.41,95,30,4.7
397,Qasigiannguit,GL,2022-08-06 17:30:43,68.8193,-51.1922,46.65,97,100,2.62
398,Mount Isa,AU,2022-08-06 17:30:43,-20.7333,139.5,65.97,26,100,10.36
399,Sterling,US,2022-08-06 17:30:44,39.0062,-77.4286,88.14,71,75,11.99
400,Muros,ES,2022-08-06 17:30:44,42.7762,-9.0603,87.67,68,24,1.79
401,Korla,CN,2022-08-06 17:30:45,41.7597,86.1469,88.39,25,97,11.1
402,Pendleton,US,2022-08-06 17:30:12,45.6721,-118.7886,79.2,34,0,1.01
403,Vila,PT,2022-08-06 17:30:46,42.0304,-8.1588,79.7,44,3,6.71
404,Carriedo,PH,2022-08-06 17:30:46,16.031,120.7549,76.05,89,100,4.38
405,Prainha,BR,2022-08-06 17:30:47,-1.8,-53.48,89.6,49,89,6.35
406,Thaton,MM,2022-08-06 17:30:47,16.9206,97.3714,76.28,97,100,3.56
407,Ketchikan,US,2022-08-06 17:30:48,55.3422,-131.6461,59.47,94,100,14.97
408,Ures,MX,2022-08-06 17:30:48,29.4333,-110.4,90.77,45,42,1.83
409,Port Hardy,CA,2022-08-06 17:30:28,50.6996,-127.4199,59.18,88,100,4.61
410,Port Keats,AU,2022-08-06 17:30:49,-14.25,129.55,73.38,78,7,4.7
411,Kapit,MY,2022-08-06 17:30:50,2.0167,112.9333,72.91,99,100,1.19
412,Barabash,RU,2022-08-06 17:30:50,43.2,131.4833,69.69,98,84,0.92
413,Loviisa,FI,2022-08-06 17:30:51,60.4566,26.2251,65.84,57,100,16.37
414,Malanje,AO,2022-08-06 17:30:52,-9.5402,16.341,76.71,22,3,4.68
415,Praia Da Vitoria,PT,2022-08-06 17:31:52,38.7333,-27.0667,75.76,88,40,12.3
416,Genhe,CN,2022-08-06 17:31:53,50.7833,121.5167,56.39,74,100,2.42
417,Carballo,ES,2022-08-06 17:26:58,43.213,-8.691,87.22,74,32,11.65
418,Rosarito,MX,2022-08-06 17:31:54,32.3333,-117.0333,85.62,69,11,13.49
419,Kapiri Mposhi,ZM,2022-08-06 17:31:54,-13.9652,28.6809,61.63,43,0,4.5
420,Benghazi,LY,2022-08-06 17:29:35,32.1167,20.0667,83.01,66,0,11.92
421,Antalya,TR,2022-08-06 17:31:55,36.7741,30.7178,85.08,81,40,5.75
422,Aitape,PG,2022-08-06 17:31:56,-3.1374,142.3475,76.6,88,94,3.53
423,Cap-Aux-Meules,CA,2022-08-06 17:31:56,47.3821,-61.8597,73.45,56,20,6.91
424,Pacific Grove,US,2022-08-06 17:28:28,36.6177,-121.9166,68.2,81,100,5.75
425,Cabrobo,BR,2022-08-06 17:31:57,-8.5142,-39.31,86.88,32,8,16.35
426,Phak Hai,TH,2022-08-06 17:31:58,14.4574,100.3699,77.02,89,100,6.58
427,Lufilufi,WS,2022-08-06 17:31:58,-13.8745,-171.5986,73.18,76,54,14.76
428,Rodrigues Alves,BR,2022-08-06 17:31:59,-7.738,-72.6509,84.4,46,84,2.84
429,Vienna,AT,2022-08-06 17:28:10,48.2085,16.3721,74.26,70,40,18.01
430,Port Antonio,JM,2022-08-06 17:32:00,18.18,-76.4612,85.91,65,100,13.18
431,Hervey Bay,AU,2022-08-06 17:32:00,-25.2986,152.8535,60.21,67,94,11.65
432,Bani Walid,LY,2022-08-06 17:32:01,31.7566,13.9942,87.01,28,0,15.14
433,Sibolga,ID,2022-08-06 17:32:02,1.7427,98.7792,76.44,77,63,3.91
434,Eyl,SO,2022-08-06 17:32:03,7.9803,49.8164,77.18,78,82,26.46
435,Simplicio Mendes,BR,2022-08-06 17:32:03,-7.8539,-41.9103,95.77,16,31,10.13
436,Coihaique,CL,2022-08-06 17:31:05,-45.5752,-72.0662,38.01,70,100,3.44
437,Ramos Arizpe,MX,2022-08-06 17:28:25,25.55,-100.9667,82.96,32,0,5.75
438,Marzuq,YE,2022-08-06 17:32:04,14.4,46.4667,79.47,60,92,8.75
439,Iracoubo,GF,2022-08-06 17:32:05,5.4802,-53.2011,85.15,63,69,10.76
440,Altamira,BR,2022-08-06 17:32:06,-3.2033,-52.2064,96.89,49,40,4.61
441,Moshny,UA,2022-08-06 17:32:06,49.5147,31.7476,74.88,59,0,5.79
442,Fagersta,SE,2022-08-06 17:32:07,60.0042,15.7932,64.44,56,79,5.41
443,Tura,IN,2022-08-06 17:32:07,25.5198,90.2201,74.39,97,43,1.54
444,Hoenheim,FR,2022-08-06 17:27:44,48.6222,7.7555,78.94,31,0,13.8
445,Kelvington,CA,2022-08-06 17:32:08,52.1667,-103.5343,64.67,44,19,7.31
446,Dunda,TZ,2022-08-06 17:32:08,-8.1167,34.25,66.24,46,44,7.49
447,Dahuk,IQ,2022-08-06 17:32:09,36.8695,42.994,97.21,22,0,5.79
448,Kulhudhuffushi,MV,2022-08-06 17:32:09,6.6221,73.07,80.24,85,93,17.25
449,San Ramon,US,2022-08-06 17:32:10,37.7799,-121.978,73.62,68,40,6.91
450,Gorin,RU,2022-08-06 17:32:11,51.1983,136.6669,64.76,98,97,0.51
451,Kolvereid,NO,2022-08-06 17:32:11,64.8655,11.6047,51.78,83,97,17.9
452,Luderitz,NA,2022-08-06 17:32:12,-26.6481,15.1594,60.39,68,99,7.14
453,Suleja,NG,2022-08-06 17:32:12,9.1758,7.1808,85.19,89,88,2.77
454,Arman,RU,2022-08-06 17:32:13,59.7,150.1667,51.75,96,53,0.34
455,Goroka,PG,2022-08-06 17:32:13,-6.0834,145.3873,57.83,96,96,1.1
456,Itarema,BR,2022-08-06 17:32:14,-2.9248,-39.9167,84.31,59,6,17.94
457,Rabaul,PG,2022-08-06 17:32:14,-4.1967,152.1721,77.9,82,71,9.1
458,La Tuque,CA,2022-08-06 17:31:13,47.4334,-72.7824,82.65,42,54,12.66
459,Caohai,CN,2022-08-06 17:32:15,26.8661,104.2841,58.75,96,67,4.52
460,Sioux Lookout,CA,2022-08-06 17:33:16,50.1001,-91.917,66.27,59,75,14.97
461,Frankfort,ZA,2022-08-06 17:33:16,-27.2667,28.4833,56.39,22,29,5.03
462,Contamana,PE,2022-08-06 17:33:17,-7.3333,-75.0167,93.78,41,97,2.8
463,Burgeo,CA,2022-08-06 17:30:23,47.6167,-57.6152,72.12,63,89,9.35
464,Pag,HR,2022-08-06 17:33:18,44.445,15.0575,95.58,55,0,21.88
465,Urbano Santos,BR,2022-08-06 17:33:19,-3.2078,-43.4036,94.21,33,8,5.1
466,Salisbury,GB,2022-08-06 17:30:58,51.0693,-1.7957,76.41,31,10,6.91
467,Duki,PK,2022-08-06 17:33:20,30.1541,68.5728,82.38,61,95,7.43
468,Olinda,BR,2022-08-06 17:33:20,-8.0089,-34.8553,80.33,69,40,11.5
469,Kiliya,UA,2022-08-06 17:33:21,45.4552,29.2637,75.56,60,71,6.2
470,Jaten,ID,2022-08-06 17:33:21,-7.5772,110.8975,73.0,90,79,5.28
471,Camacha,PT,2022-08-06 17:33:22,33.0833,-16.3333,71.02,64,40,11.5
472,Ugoofaaru,MV,2022-08-06 17:33:22,5.6667,73.0,80.76,84,100,16.6
473,Plouzane,FR,2022-08-06 17:33:23,48.3833,-4.6167,69.98,49,0,17.27
474,Kolokani,ML,2022-08-06 17:33:23,13.5728,-8.0339,84.96,62,82,6.8
475,Vale Da Amoreira,PT,2022-08-06 17:33:24,39.0697,-7.6985,91.72,21,0,14.5
476,Makrana,IN,2022-08-06 17:33:24,27.05,74.7167,86.99,64,90,2.8
477,Rio Grande,BR,2022-08-06 17:33:25,-32.035,-52.0986,57.31,74,84,12.17
478,Faya,SA,2022-08-06 17:33:25,18.3851,42.4509,66.31,62,99,2.44
479,Nuevitas,CU,2022-08-06 17:33:26,21.5453,-77.2644,85.51,65,93,14.41
480,Aleksandrov Gay,RU,2022-08-06 17:33:26,50.147,48.5704,82.04,27,54,11.88
481,Adrar,MR,2022-08-06 17:33:27,20.5022,-10.0711,107.55,12,56,7.58
482,Cassilandia,BR,2022-08-06 17:31:53,-19.1133,-51.7342,94.15,16,20,7.34
483,Teahupoo,PF,2022-08-06 17:33:28,-17.8333,-149.2667,67.96,78,88,23.29
484,Half Moon Bay,US,2022-08-06 17:30:25,37.4636,-122.4286,74.91,75,100,5.75
485,Taltal,CL,2022-08-06 17:33:09,-25.4,-70.4833,61.12,62,1,5.73
486,Atbasar,KZ,2022-08-06 17:33:29,51.8,68.3333,68.22,53,27,9.06
487,Matagami,CA,2022-08-06 17:32:36,49.7502,-77.6328,77.11,65,40,16.11
488,Sao Filipe,CV,2022-08-06 17:33:29,14.8961,-24.4956,78.15,85,72,8.14
489,Leeton,AU,2022-08-06 17:33:30,-34.5667,146.4,43.9,90,93,3.04
490,Vila Franca Do Campo,PT,2022-08-06 17:33:30,37.7167,-25.4333,73.81,74,49,7.96
491,Ossora,RU,2022-08-06 17:33:31,59.2353,163.0719,55.72,88,6,1.86
492,Ruston,US,2022-08-06 17:33:31,32.5232,-92.6379,92.59,52,75,10.36
493,Ponta Delgada,PT,2022-08-06 17:33:32,37.7333,-25.6667,74.12,88,75,9.22
494,Morgantown,US,2022-08-06 17:33:32,39.6295,-79.9559,86.83,73,75,3.44
495,Puerto Guzman,CO,2022-08-06 17:33:33,0.9703,-76.5858,75.94,76,100,1.3
496,Kokopo,PG,2022-08-06 17:33:34,-4.352,152.2633,75.81,85,74,7.58
497,Te Anau,NZ,2022-08-06 17:33:34,-45.4167,167.7167,43.07,95,95,3.58
498,Ola,RU,2022-08-06 17:33:35,59.5833,151.2833,51.06,93,18,3.09
499,Cerqueira Cesar,BR,2022-08-06 17:33:35,-23.0356,-49.1661,74.82,46,100,8.39
500,The Valley,AI,2022-08-06 17:33:36,18.217,-63.0578,86.83,78,72,19.51
501,Bonfim,BR,2022-08-06 17:33:36,3.0833,-59.95,87.64,59,72,5.41
502,Kovdor,RU,2022-08-06 17:33:37,67.5662,30.4758,60.93,94,100,7.25
503,Wenling,CN,2022-08-06 17:33:37,28.3669,121.36,78.33,82,80,5.91
504,Kamenka,RU,2022-08-06 17:33:38,51.3223,42.7678,72.46,36,10,7.29
505,Pangkalanbuun,ID,2022-08-06 17:33:38,-2.6833,111.6167,72.18,93,78,1.3
506,Ishim,RU,2022-08-06 17:33:39,56.1128,69.4902,63.64,76,40,6.64
507,Limbang,MY,2022-08-06 17:34:46,4.75,115.0,78.91,90,100,2.57
508,Sarangani,PH,2022-08-06 17:34:47,5.4033,125.4636,82.51,71,86,3.65
509,Kirando,TZ,2022-08-06 17:34:48,-7.4167,30.6,74.97,51,57,3.22
510,Aranos,NA,2022-08-06 17:34:49,-24.1333,19.1167,70.18,16,70,4.97
511,Nirmal,IN,2022-08-06 17:34:50,19.1,78.35,74.89,94,100,5.5
512,Nyurba,RU,2022-08-06 17:34:50,63.2842,118.3319,48.29,88,100,4.0
513,Simao,CN,2022-08-06 17:34:51,22.7886,100.9748,66.31,99,99,2.04
514,Gushi,CN,2022-08-06 17:34:52,34.6425,109.5843,86.9,59,20,3.11
515,Hokitika,NZ,2022-08-06 17:34:53,-42.7167,170.9667,50.81,91,70,3.83
516,Pitimbu,BR,2022-08-06 17:34:54,-7.4706,-34.8086,82.99,74,26,13.33
517,Santa Vitoria Do Palmar,BR,2022-08-06 17:34:54,-33.5189,-53.3681,52.81,64,97,9.22
518,Makakilo City,US,2022-08-06 17:32:50,21.3469,-158.0858,79.2,79,0,4.61
519,Qadian,IN,2022-08-06 17:34:55,31.8178,75.3919,80.67,80,22,4.47
520,Chifeng,CN,2022-08-06 17:34:56,42.2683,118.9636,74.8,84,100,4.12
521,Berlevag,NO,2022-08-06 17:34:56,70.8578,29.0864,57.2,87,100,14.97
522,Huarmey,PE,2022-08-06 17:34:57,-10.0681,-78.1522,68.11,70,81,12.3
523,Devrek,TR,2022-08-06 17:34:58,41.2192,31.9558,70.99,92,51,1.54
524,San Quintin,MX,2022-08-06 17:34:59,30.4833,-115.95,75.65,75,92,13.33
525,Lake City,US,2022-08-06 17:31:37,30.1897,-82.6393,91.62,58,75,8.05
526,Belle Fourche,US,2022-08-06 17:35:00,44.6714,-103.8522,72.5,59,95,16.46
527,Trairi,BR,2022-08-06 17:31:07,-3.2778,-39.2689,84.58,57,8,15.5
528,Shingu,JP,2022-08-06 17:35:00,33.7333,135.9833,76.73,92,18,4.47
529,Ambilobe,MG,2022-08-06 17:35:01,-13.2,49.05,70.59,72,86,3.98
530,Lebedyn,UA,2022-08-06 17:35:02,50.5852,34.4849,71.62,60,1,8.12
531,Oxford,GB,2022-08-06 17:33:17,51.7522,-1.256,76.17,32,0,5.75
532,Abu Kamal,SY,2022-08-06 17:35:02,34.4506,40.9171,103.12,17,0,7.9
533,Lingao,CN,2022-08-06 17:35:03,19.9103,109.6859,79.29,89,100,10.89
534,Rockport,US,2022-08-06 17:35:04,28.0206,-97.0544,91.44,74,0,14.97
535,Kahului,US,2022-08-06 17:31:56,20.8947,-156.47,82.85,64,0,15.01
536,Ron,IN,2022-08-06 17:35:05,15.6667,75.7333,72.39,90,100,17.65
537,El Carmen,CO,2022-08-06 17:35:05,8.5106,-73.4478,74.75,84,100,2.59
538,Hanstholm,DK,2022-08-06 17:35:06,57.1167,8.6167,57.61,76,25,20.69
539,Maiduguri,NG,2022-08-06 17:35:07,11.8464,13.1603,84.6,57,78,7.78
540,Champerico,GT,2022-08-06 17:35:07,14.3,-91.9167,88.34,74,55,4.83
541,Khingansk,RU,2022-08-06 17:35:08,49.1167,131.1833,60.66,93,98,0.45
542,Kwinana,AU,2022-08-06 17:35:08,-32.25,115.7667,55.35,72,46,17.4
543,Atar,MR,2022-08-06 17:35:09,20.5169,-13.0499,106.32,18,98,10.78
544,Saldanha,ZA,2022-08-06 17:35:09,-33.0117,17.9442,59.05,83,0,13.02
545,Melnikovo,RU,2022-08-06 17:35:10,56.5558,84.085,58.24,89,25,1.92
546,Valera,VE,2022-08-06 17:35:10,9.3178,-70.6036,82.83,74,83,2.8
547,Marsa Matruh,EG,2022-08-06 17:35:11,31.3525,27.2453,82.6,74,40,11.5
548,Grand Gaube,MU,2022-08-06 17:35:12,-20.0064,57.6608,70.2,84,11,1.99
549,Viedma,AR,2022-08-06 17:36:13,-40.8135,-62.9967,49.87,56,97,11.7
550,Tyler,US,2022-08-06 17:36:13,32.3513,-95.3011,88.65,63,75,9.22
551,Maldonado,UY,2022-08-06 17:32:26,-34.6667,-54.9167,55.22,55,98,7.92
552,Hoa Binh,VN,2022-08-06 17:36:14,20.8133,105.3383,75.99,97,100,1.9
553,Soyo,AO,2022-08-06 17:36:14,-6.1349,12.3689,68.76,82,6,8.75
554,Cerrito,CO,2022-08-06 17:36:15,6.8432,-72.694,57.72,84,100,2.62
555,Sao Mateus,BR,2022-08-06 17:36:15,-18.7161,-39.8589,79.43,61,86,10.0
556,Naraini,IN,2022-08-06 17:32:46,25.1833,80.4833,89.56,61,100,2.95
